City_ID,City,Lat,Lng,Max Temp,Humidity,Cloudiness,Wind Speed,Country,Date
0,dryden,49.7833,-92.7503,2.16,41,0,4.12,CA,1730415316
1,adamstown,-25.066,-130.1015,21.12,82,100,12.21,PN,1730415317
2,kodiak,57.79,-152.4072,3.73,87,100,8.23,US,1730415318
3,puerto natales,-51.7236,-72.4875,16.25,41,0,7.2,CL,1730415319
4,nuuk,64.1835,-51.7216,3.34,65,100,3.6,GL,1730415322
5,tazovsky,67.4667,78.7,-5.15,93,100,6.56,RU,1730415323
6,ushuaia,-54.8,-68.3,15.81,48,40,2.57,AR,1730415036
7,udachny,66.4167,112.4,-14.43,97,100,0.62,RU,1730415325
8,blackmans bay,-43.0167,147.3167,11.96,63,31,2.24,AU,1730415328
9,chinde,26.8212,87.7095,21.03,75,35,1.15,NP,1730415329
10,longyearbyen,78.2186,15.6401,-10.09,79,20,3.6,SJ,1730415330
11,edinburgh of the seven seas,-37.0676,-12.3116,14.04,81,81,10.93,SH,1730415331
12,grytviken,-54.2811,-36.5092,-0.97,77,24,5.97,GS,1730415332
13,codrington,-38.2667,141.9667,12.75,50,100,4.11,AU,1730415334
14,atafu village,-8.5421,-172.5159,28.08,68,88,4.13,TK,1730415335
15,hadibu,12.65,54.0333,25.28,75,4,3.55,YE,1730415336
16,port-aux-francais,-49.35,70.2167,6.1,92,100,17.21,TF,1730415337
17,belmonte,-15.8631,-38.8828,23.75,87,100,1.58,BR,1730415338
18,east london,-33.0153,27.9116,16.62,81,51,5.29,ZA,1730415110
19,bilibino,68.0546,166.4372,-12.33,93,87,2.76,RU,1730415341
20,jiashan,30.8492,120.9258,18.41,94,100,10.53,CN,1730415342
21,reggane,26.7158,0.1714,28.45,18,100,3.47,DZ,1730415343
22,greenville,35.6127,-77.3663,22.86,73,0,1.54,US,1730415344
23,kapuvar,47.5922,17.0289,10.53,94,98,0.62,HU,1730415345
24,shadrinsk,56.0852,63.6335,0.68,82,34,7.82,RU,1730415347
25,aykhal,66.0,111.5,-13.91,97,100,1.08,RU,1730415348
26,hawaiian paradise park,19.5933,-154.9731,26.73,87,75,7.2,US,1730415349
27,turochak,52.2576,87.1224,1.1,99,100,0.9,RU,1730415350
28,atoyac de alvarez,17.2,-100.4333,27.93,85,96,2.27,MX,1730415351
29,merizo village,13.2658,144.6691,29.1,87,100,7.35,GU,1730415352
30,felanitx,39.4696,3.1483,19.16,91,7,3.21,ES,1730415354
31,roxas,11.5853,122.7511,25.85,87,97,3.11,PH,1730415355
32,waitangi,-43.9535,-176.5597,12.54,86,54,7.55,NZ,1730415356
33,kavieng,-2.5744,150.7967,28.33,74,81,0.83,PG,1730415357
34,santana,-0.0583,-51.1817,30.1,70,0,4.12,BR,1730415358
35,punta arenas,-53.15,-70.9167,16.06,44,0,8.23,CL,1730415359
36,kingston,17.997,-76.7936,30.53,66,75,4.12,JM,1730415361
37,el kef,36.1742,8.7049,19.19,64,49,1.79,TN,1730415362
38,ilulissat,69.2167,-51.1,-3.99,36,20,8.23,GL,1730415363
39,puerto ayora,-0.7393,-90.3518,21.42,94,87,2.68,EC,1730415364
40,yarmouth,41.7057,-70.2286,17.2,90,0,5.14,US,1730415365
41,anadyr,64.75,177.4833,-2.72,73,40,12.0,RU,1730415366
42,al kharijah,25.4514,30.5464,17.62,49,0,2.62,EG,1730415368
43,ende,-8.8432,121.6623,26.56,72,100,1.36,ID,1730415369
44,anna regina,7.2644,-58.5077,27.5,75,6,4.2,GY,1730415370
45,bethel,41.3712,-73.414,22.55,65,100,0.89,US,1730415371
46,albany,42.6001,-73.9662,22.35,63,43,0.89,US,1730415372
47,talnakh,69.4865,88.3972,-9.77,94,100,4.85,RU,1730415374
48,mejit,10.2753,170.8646,28.41,75,57,3.91,MH,1730415375
49,arteche,12.2645,125.4048,26.99,89,55,2.99,PH,1730415376
50,peace river,56.2501,-117.286,-0.83,93,100,1.54,CA,1730415378
51,kruisfontein,-34.0033,24.7314,14.29,93,85,1.86,ZA,1730415379
52,turkmenbasy,40.0222,52.9552,9.43,76,0,0.0,TM,1730415381
53,invercargill,-46.4,168.35,10.01,97,100,0.45,NZ,1730415382
54,pingliang,35.5392,106.6861,8.81,90,100,1.37,CN,1730415383
55,arroio grande,-32.2375,-53.0869,19.77,82,41,7.15,BR,1730415384
56,kangding,30.0513,101.9603,8.76,95,92,1.12,CN,1730415385
57,lazaro cardenas,17.9583,-102.2,28.71,73,100,3.24,MX,1730415387
58,haiku-pauwela,20.9219,-156.3051,26.39,87,75,11.62,US,1730415388
59,songea,-10.6833,35.65,19.54,77,94,2.62,TZ,1730415389
60,vilyuchinsk,52.9306,158.4028,-2.85,70,63,3.84,RU,1730415390
61,tura,25.5198,90.2201,23.59,70,98,0.86,IN,1730415391
62,muynoq,43.7683,59.0214,8.71,66,66,3.81,UZ,1730415392
63,ambovombe,-25.1667,46.0833,21.8,95,2,2.47,MG,1730415394
64,crane,31.3974,-102.3501,23.34,18,1,3.99,US,1730415395
65,klaksvik,62.2266,-6.589,6.59,62,100,16.13,FO,1730415396
66,salalah,17.0151,54.0924,25.05,73,0,1.54,OM,1730415397
67,dolbeau-mistassini,48.8763,-72.212,4.26,94,100,2.95,CA,1730415398
68,stanley,54.868,-1.6985,10.01,95,75,4.63,GB,1730415400
69,avarua,-21.2078,-159.775,26.03,73,61,6.17,CK,1730415401
70,fort bragg,35.139,-79.006,24.85,63,0,2.57,US,1730415402
71,tiksi,71.6872,128.8694,-24.11,99,95,1.41,RU,1730415403
72,constantia,44.1833,28.65,11.38,69,100,3.13,RO,1730415404
73,zav'yalovo,56.7847,53.3776,0.22,96,100,4.9,RU,1730415405
74,cabo san lucas,22.8909,-109.9124,29.17,65,0,4.63,MX,1730415069
75,bongaree,-27.0797,153.1586,23.41,66,12,1.67,AU,1730415408
76,newman,37.3138,-121.0208,19.46,40,73,4.92,US,1730415409
77,el granada,37.5027,-122.4694,18.58,68,0,7.72,US,1730415410
78,olonkinbyen,70.9221,-8.7187,-5.05,60,100,10.98,SJ,1730415411
79,san marcos,33.1434,-117.1661,22.27,53,0,5.14,US,1730415412
80,island harbour,50.724,-1.2758,12.77,71,0,0.87,GB,1730415414
81,kailua-kona,19.6406,-155.9956,27.98,93,40,3.09,US,1730415415
82,egletons,45.4034,2.0507,10.62,94,1,1.06,FR,1730415416
83,yanchep,-31.55,115.6833,20.59,49,92,0.95,AU,1730415418
84,san patricio,28.017,-97.5169,27.97,62,61,4.23,US,1730415420
85,cidade velha,14.9167,-23.6167,25.26,78,40,4.63,CV,1730415421
86,thompson,55.7435,-97.8558,-3.91,46,20,1.54,CA,1730415422
87,yendi,9.4427,-0.0099,25.97,50,16,1.4,GH,1730415423
88,saynshand,44.8824,110.1163,0.61,54,44,2.26,MN,1730415424
89,nikki,9.9401,3.2108,23.28,41,26,1.35,BJ,1730415428
90,yellowknife,62.456,-114.3525,-5.33,99,100,7.72,CA,1730415429
91,bredasdorp,-34.5322,20.0403,15.33,97,31,2.57,ZA,1730415430
92,college,64.8569,-147.8028,-8.01,69,100,3.09,US,1730415431
93,craig,40.5153,-107.5464,8.97,29,100,7.72,US,1730415433
94,lebu,-37.6167,-73.65,12.18,84,82,2.8,CL,1730415434
95,isafjordur,66.0755,-23.124,-7.11,63,17,4.32,IS,1730415436
96,yaren,-0.5472,166.916,28.25,68,1,3.09,NR,1730415437
97,san antonio de pale,-1.4014,5.6325,25.31,83,42,4.64,GQ,1730415439
98,buka,40.8108,69.1986,10.93,50,100,1.87,UZ,1730415440
99,west island,-12.1568,96.8225,25.99,83,75,4.63,CC,1730415441
100,howrah,22.5892,88.3103,27.0,89,40,1.54,IN,1730415442
101,port alfred,-33.5906,26.891,17.32,86,77,0.89,ZA,1730415443
102,hirara,24.8,125.2833,28.15,89,75,12.86,JP,1730415444
103,scarborough,54.2797,-0.4044,10.51,71,0,2.24,GB,1730415446
104,karratha,-20.7377,116.8463,29.92,36,2,6.22,AU,1730415447
105,kursavka,44.4564,42.5093,10.13,78,82,5.77,RU,1730415448
106,papatowai,-46.5619,169.4708,7.58,94,100,1.0,NZ,1730415449
107,hamlet,34.8849,-79.6942,24.81,57,0,2.06,US,1730415450
108,vadso,70.0744,29.7487,-1.91,80,0,9.26,NO,1730415451
109,homer,59.6425,-151.5483,2.8,97,100,4.47,US,1730415453
110,afaahiti,-17.75,-149.2833,23.22,78,53,6.87,PF,1730415454
111,georgetown,5.4112,100.3354,26.96,88,40,1.03,MY,1730415455
112,bamboo flat,11.7,92.7167,25.87,82,96,1.42,IN,1730415457
113,thunder bay,48.4001,-89.3168,2.99,56,75,4.63,CA,1730415459
114,cordeiropolis,-22.4819,-47.4567,22.49,63,88,5.69,BR,1730415460
115,galliano,29.4422,-90.2992,27.0,78,40,3.09,US,1730415461
116,winnemucca,40.973,-117.7357,9.03,34,20,7.2,US,1730415462
117,chancay,-11.5714,-77.2672,17.91,81,41,3.64,PE,1730415463
118,klyuchi,52.2667,79.1667,2.22,88,98,3.32,RU,1730415464
119,huarmey,-10.0681,-78.1522,18.78,78,19,3.39,PE,1730415466
120,ribeira grande,38.5167,-28.7,22.1,94,100,8.49,PT,1730415468
121,manicore,-5.8092,-61.3003,28.84,46,46,1.0,BR,1730415469
122,egilsstadir,65.2653,-14.3948,-4.05,63,40,3.09,IS,1730415470
123,kiratu,-3.3333,35.6667,18.56,82,75,2.33,TZ,1730415472
124,vuktyl,63.8567,57.3094,1.48,96,100,6.35,RU,1730415473
125,phan rang-thap cham,11.5667,108.9833,23.96,89,94,1.37,VN,1730415474
126,nushki,29.5542,66.0215,19.31,21,19,1.63,PK,1730415475
127,el calafate,-50.3408,-72.2768,12.99,63,94,4.12,AR,1730415476
128,iskateley,67.6803,53.1512,0.97,97,100,8.95,RU,1730415477
129,jamestown,42.097,-79.2353,22.8,60,100,6.69,US,1730415381
130,mount pearl,47.5166,-52.7813,7.96,96,100,3.09,CA,1730415480
131,nema,57.5067,50.5011,0.62,90,98,3.48,RU,1730415481
132,uturoa,-16.7333,-151.4333,25.14,64,8,5.66,PF,1730415482
133,berezovyy,51.6667,135.7,-2.6,65,48,0.87,RU,1730415483
134,badger,64.8,-147.5333,-7.23,71,100,3.09,US,1730415485
135,rikaze,29.25,88.8833,3.71,41,0,2.01,CN,1730415486
136,padang,-0.9492,100.3543,24.03,85,100,1.57,ID,1730415487
137,nova sintra,14.8667,-24.7167,26.74,78,100,5.19,CV,1730415488
138,nantucket,41.2835,-70.0995,15.64,94,20,8.06,US,1730415489
139,iqaluit,63.7506,-68.5145,0.85,69,100,9.77,CA,1730415492
140,laguna,38.421,-121.4238,19.57,48,0,3.09,US,1730415493
141,petropavlovsk-kamchatsky,53.0452,158.6483,-3.67,63,0,4.0,RU,1730415494
142,rockland,41.1668,-74.0496,24.15,60,99,2.96,US,1730415495
143,hermanus,-34.4187,19.2345,17.11,93,14,4.22,ZA,1730415496
144,copiapo,-27.3667,-70.3333,18.6,52,60,2.28,CL,1730415497
145,gremda,34.75,10.7833,24.11,83,40,3.09,TN,1730415499
146,krasnyy kholm,58.0607,37.1203,1.41,91,100,4.66,RU,1730415502
147,kuta,-8.7233,115.1723,25.97,94,20,0.51,ID,1730415504
148,qamdo,31.1667,97.2333,0.26,77,48,2.52,CN,1730415505
149,bay city,43.5945,-83.8889,18.38,74,20,9.77,US,1730415451
150,saipan,15.1355,145.701,29.39,84,75,8.75,MP,1730415507
151,es castell,39.8795,4.2854,20.38,94,75,3.6,ES,1730415508
152,malpica,43.3228,-8.8105,14.58,100,74,1.75,ES,1730415511
153,mossel bay,-34.1831,22.146,16.96,90,74,3.29,ZA,1730415512
154,vorkuta,67.5,64.0,-1.85,82,99,10.13,RU,1730415513
155,sihanoukville,10.6093,103.5296,24.97,94,40,1.03,KH,1730415514
156,kutum,14.2,24.6667,19.89,22,20,4.61,SD,1730415515
157,dien bien phu,21.3833,103.0167,20.57,93,42,1.1,VN,1730415516
158,xinyuan,37.3,99.0,-3.22,63,56,1.46,CN,1730415518
159,sechura,-5.5569,-80.8222,20.07,69,66,8.1,PE,1730415519
160,kralendijk,12.15,-68.2667,29.99,70,20,6.69,BQ,1730415520
161,hamilton,39.1834,-84.5333,17.69,91,100,5.66,US,1730415521
162,puerto aysen,-45.4,-72.7,13.78,88,89,1.16,CL,1730415522
163,angaur state,6.906,134.13,28.59,74,79,4.16,PW,1730415523
164,pasni,25.2631,63.471,25.71,70,0,3.0,PK,1730415525
165,acapulco de juarez,16.8634,-99.8901,26.44,78,82,3.9,MX,1730415424
166,natal,-5.795,-35.2094,26.12,78,40,5.14,BR,1730415527
167,kyabe,9.4515,18.9449,24.32,41,99,2.05,TD,1730415528
168,suntar,62.1444,117.6319,-16.38,96,100,0.99,RU,1730415529
169,choibalsan,48.0667,114.5,-2.43,58,11,0.96,MN,1730415530
170,polyarnyy,69.1989,33.4478,-2.25,78,100,10.64,RU,1730415532
171,kirakira,-10.4544,161.9205,28.23,77,99,1.62,SB,1730415533
172,chatellerault,46.8,0.5333,12.53,96,19,2.2,FR,1730415534
173,gadzhiyevo,69.2551,33.3362,-2.26,78,100,11.0,RU,1730415392
174,vorgashor,67.5833,63.95,-2.03,82,98,9.8,RU,1730415536
175,fortuna,40.5982,-124.1573,14.96,83,100,2.24,US,1730415538
176,akureyri,65.6835,-18.0878,-5.04,80,20,1.54,IS,1730415539
177,flin flon,54.7682,-101.865,-2.09,46,20,1.54,CA,1730415540
178,lorengau,-2.0226,147.2712,28.29,78,96,1.71,PG,1730415541
179,nadym,65.5333,72.5167,-2.27,90,91,8.75,RU,1730415542
180,saint-leu,-21.15,55.2833,21.48,90,73,2.1,RE,1730415543
181,amuntai,-2.4177,115.2494,23.74,97,100,1.0,ID,1730415545
182,nemuro,43.3236,145.575,11.32,69,51,4.98,JP,1730415546
183,loushanguan,28.1375,106.82,14.23,92,81,1.55,CN,1730415547
184,chonchi,-42.6128,-73.8092,13.95,79,79,0.86,CL,1730415548
185,salida,37.7058,-121.0849,20.05,43,0,6.17,US,1730415549
186,igurusi,-8.85,33.85,21.11,61,80,1.36,TZ,1730415550
187,qaqortoq,60.7167,-46.0333,-0.27,86,100,10.26,GL,1730415552
188,dudinka,69.4058,86.1778,-7.74,93,100,8.03,RU,1730415553
189,nova vicosa,-17.8919,-39.3719,23.3,85,100,2.21,BR,1730415554
190,whitehorse,60.7161,-135.0538,0.43,86,75,8.23,CA,1730415555
191,lerwick,60.1545,-1.1494,9.46,86,100,10.78,GB,1730415556
192,puerto leguizamo,-0.1934,-74.7819,28.35,60,51,0.9,CO,1730415557
193,saint-pierre,-21.3393,55.4781,21.82,64,0,2.57,RE,1730415559
194,vila franca do campo,37.7167,-25.4333,20.23,99,93,4.19,PT,1730415561
195,sao tome,0.3365,6.7273,25.82,87,74,3.76,ST,1730415562
196,mangrol,21.1167,70.1167,27.42,61,0,4.14,IN,1730415563
197,namibe,-15.1961,12.1522,18.01,80,17,2.7,AO,1730415564
198,ancud,-41.8697,-73.8203,11.39,84,77,3.5,CL,1730415566
199,ghadamis,30.1337,9.5007,26.03,23,100,4.65,LY,1730415567
200,lompoc,34.6391,-120.4579,17.51,77,100,6.17,US,1730415568
201,quevedo,-1.0333,-79.45,28.62,60,93,2.65,EC,1730415569
202,ulsteinvik,62.3432,5.8487,10.97,94,100,4.47,NO,1730415570
203,alta,69.9689,23.2717,-1.41,84,40,6.26,NO,1730415572
204,koryazhma,61.3143,47.1691,-0.75,96,100,3.05,RU,1730415573
205,tomatlan,19.9333,-105.25,28.93,55,13,2.03,MX,1730415574
206,huancabamba,-5.2386,-79.4506,16.18,87,95,2.24,PE,1730415575
207,nelson bay,-32.7167,152.15,21.17,74,28,3.58,AU,1730415576
208,flying fish cove,-10.4217,105.6791,25.82,94,100,3.6,CX,1730415577
209,mount gambier,-37.8333,140.7667,11.74,55,100,2.49,AU,1730415579
210,poronaysk,49.2167,143.1167,-0.02,69,10,1.73,RU,1730415580
211,kununurra,-15.7667,128.7333,28.99,74,5,3.6,AU,1730415581
212,arawa,-6.2132,155.5367,30.61,64,27,1.15,PG,1730415582
213,bijawar,24.6333,79.5,21.67,44,5,1.75,IN,1730415583
214,sant'antioco,39.0664,8.4522,18.1,84,0,4.19,IT,1730415586
215,el matama,16.7095,33.3565,24.36,18,4,5.5,SD,1730415587
216,margaret river,-33.95,115.0667,17.53,72,100,2.44,AU,1730415588
217,viana do castelo,41.6932,-8.8329,15.76,83,61,3.09,PT,1730415589
218,horta,38.5333,-28.6333,21.68,94,100,10.28,PT,1730415590
219,wailua homesteads,22.0669,-159.378,27.14,75,27,1.34,US,1730415592
220,east ballina,-28.8667,153.5833,21.9,72,64,4.87,AU,1730415593
221,poli,-3.3333,36.8,17.14,90,82,3.26,TZ,1730415594
222,spring creek,40.7266,-115.5859,5.45,71,100,6.09,US,1730415595
223,kidal,18.4411,1.4078,25.6,16,92,4.73,ML,1730415596
224,vilyuysk,63.7553,121.6247,-25.68,100,91,0.71,RU,1730415597
225,minas de marcona,-15.2119,-75.1103,16.26,65,11,4.71,PE,1730415599
226,mahina,-17.5065,-149.489,27.87,61,75,4.12,PF,1730415600
227,jiuquan,39.7432,98.5174,4.82,54,55,0.54,CN,1730415601
228,ciudad tula,23.0,-99.7167,22.51,73,0,3.47,MX,1730415602
229,changsha,28.2,112.9667,17.09,60,25,7.07,CN,1730415603
230,prado,-17.3411,-39.2208,22.75,91,100,1.59,BR,1730415604
231,la passe,45.5549,-0.8967,15.91,86,0,3.2,FR,1730415606
232,hithadhoo,-0.6,73.0833,27.53,58,24,1.61,MV,1730415607
233,caussade,44.1608,1.5391,14.02,76,0,3.16,FR,1730415608
234,inyati,-19.6756,28.8469,17.65,81,50,4.5,ZW,1730415609
235,petawawa,45.9001,-77.3328,19.88,77,100,0.89,CA,1730415610
236,minot,48.2325,-101.2963,9.06,34,0,3.09,US,1730415483
237,moranbah,-22.0016,148.0466,28.85,33,4,6.43,AU,1730415613
238,aasiaat,68.7098,-52.8699,-6.46,73,100,8.41,GL,1730415614
239,i-n-salah,27.1935,2.4607,28.93,16,100,3.84,DZ,1730415615
240,jackson,42.4165,-122.8345,12.14,75,94,0.89,US,1730415616
241,le port,-20.9373,55.2919,23.56,83,75,2.03,RE,1730415617
242,kilembe,0.2,30.0,15.53,93,94,2.6,UG,1730415619
243,katsuren-haebaru,26.3369,127.8719,28.38,90,100,9.5,JP,1730415620
244,tofol,5.3248,163.0078,28.94,72,7,4.26,FM,1730415621
245,new norfolk,-42.7826,147.0587,12.62,51,61,3.83,AU,1730415622
246,sur,22.5667,59.5289,27.5,58,0,3.77,OM,1730415623
247,sitka,57.0531,-135.33,9.03,81,49,0.74,US,1730415624
248,kisanga,-7.4362,37.7034,24.05,92,33,0.92,TZ,1730415626
249,matthew town,20.95,-73.6667,27.19,67,4,8.92,BS,1730415627
250,altay,47.8667,88.1167,-1.81,68,99,2.63,CN,1730415628
251,touros,-5.1989,-35.4608,25.33,76,100,6.97,BR,1730415629
252,mil'kovo,55.6078,37.7956,2.97,41,94,5.14,RU,1730415630
253,victoria falls,-17.9235,25.843,23.87,63,56,3.05,ZW,1730415631
254,tolanaro,-25.0319,46.9987,22.04,88,20,1.03,MG,1730415633
255,utrik,11.2278,169.8474,28.34,77,71,4.27,MH,1730415634
256,tidjikja,18.5564,-11.4271,29.97,18,94,3.52,MR,1730415635
257,gebeit,21.0667,36.3167,23.62,69,0,1.27,SD,1730415636
258,les avirons,-21.2418,55.3394,20.05,64,0,2.57,RE,1730415637
259,fale old settlement,-9.3852,-171.2468,28.38,69,99,3.58,TK,1730415638
260,sirte,31.2089,16.5887,21.62,71,2,4.18,LY,1730415640
261,bruck an der leitha,48.0167,16.7667,11.39,87,20,2.57,AT,1730415641
262,nuku'alofa,-21.1333,-175.2,28.19,89,75,4.12,TO,1730415642
263,remire-montjoly,4.9167,-52.2667,28.02,78,0,2.57,GF,1730415643
264,kalach-na-donu,48.691,43.5264,5.21,79,100,3.94,RU,1730415644
265,matiri,-10.75,34.9,18.68,72,98,1.08,TZ,1730415646
266,vila velha,-20.3297,-40.2925,22.97,92,75,2.57,BR,1730415647
267,manta,-0.95,-80.7333,25.88,69,0,7.72,EC,1730415648
268,giaginskaya,44.8621,40.0719,13.4,77,100,6.63,RU,1730415650
269,port lincoln,-34.7333,135.8667,14.09,62,100,6.37,AU,1730415651
270,timimoun,29.2639,0.231,24.21,23,0,1.54,DZ,1730415653
271,axim,4.8699,-2.2405,25.5,86,50,1.88,GH,1730415654
272,kodinsk,58.6881,99.1844,-3.62,97,100,1.64,RU,1730415655
273,nishinoomote,30.7333,131.0,24.37,80,96,9.18,JP,1730415656
274,agat village,13.3886,144.6585,29.31,87,98,0.45,GU,1730415657
275,conception bay south,47.4999,-52.9981,9.13,97,100,5.52,CA,1730415658
276,luderitz,-26.6481,15.1594,18.02,65,10,1.14,NA,1730415660
277,noumea,-22.2763,166.4572,28.35,98,0,3.73,NC,1730415581
278,gaoping,30.7758,106.1029,17.29,77,100,1.5,CN,1730415662
279,sabha,27.0377,14.4283,19.43,47,24,3.36,LY,1730415663
280,saudarkrokur,65.7461,-19.6394,-7.51,92,91,4.29,IS,1730415664
281,nanzhou,29.3596,112.4024,15.27,64,0,7.03,CN,1730415665
282,tindouf,27.6711,-8.1474,20.25,37,0,2.06,DZ,1730415667
283,ariquemes,-9.9133,-63.0408,28.97,62,70,1.45,BR,1730415668
284,troitskiy,57.0603,63.7481,0.75,84,33,6.61,RU,1730415669
285,nar'yan-mar,67.6713,53.087,0.97,97,100,9.01,RU,1730415670
286,st. john's,47.5649,-52.7093,8.97,95,100,3.09,CA,1730415671
287,buluan,6.7203,124.8019,25.17,88,62,0.7,PH,1730415672
288,sisimiut,66.9395,-53.6735,-1.96,56,100,8.64,GL,1730415674
289,dalandzadgad,43.5708,104.425,2.47,40,3,2.33,MN,1730415675
290,treinta y tres,-33.2333,-54.3833,19.25,88,40,7.6,UY,1730415676
291,mermoz boabab,14.7065,-17.4758,27.3,81,100,4.16,SN,1730415677
292,tsiombe,-25.3,45.4833,21.96,93,18,2.23,MG,1730415678
293,naracoorte,-36.9579,140.7383,14.1,46,92,3.52,AU,1730415680
294,arkhangel'sk,64.5401,40.5433,1.06,86,75,4.0,RU,1730415681
295,xingcheng,40.6167,120.7167,14.0,63,80,3.94,CN,1730415682
296,ust-nera,64.5667,143.2,-25.41,100,98,1.33,RU,1730415683
297,arraial do cabo,-22.9661,-42.0278,21.98,94,40,3.09,BR,1730415684
298,kapa'a,22.0752,-159.319,27.88,77,24,3.13,US,1730415685
299,kristiansund,63.1115,7.732,5.07,93,100,1.54,NO,1730415687
300,mayqayyng,51.4625,75.7986,4.49,92,99,4.23,KZ,1730415688
301,port douglas,-16.4833,145.4667,26.09,58,91,1.74,AU,1730415689
302,qarazhal,48.0078,70.7903,2.43,85,99,3.26,KZ,1730415690
303,loango,-4.6719,11.8312,24.58,84,87,2.39,CG,1730415691
304,al ghayzah,16.2079,52.176,26.05,62,6,2.08,YE,1730415694
305,sandnessjoen,66.0217,12.6316,3.63,70,100,8.86,NO,1730415695
306,happy valley-goose bay,53.3168,-60.3315,2.17,75,75,3.09,CA,1730415696
307,shingu,33.7333,135.9833,20.92,84,100,2.54,JP,1730415697
308,kota belud,6.351,116.4305,25.91,80,100,2.14,MY,1730415698
309,eyl,7.9803,49.8164,25.52,79,23,3.68,SO,1730415700
310,port mathurin,-19.6833,63.4167,23.4,79,5,8.96,MU,1730415701
311,al majaridah,19.1236,41.9111,28.1,68,0,0.96,SA,1730415702
312,miyaly,48.8844,53.7836,8.34,93,100,7.77,KZ,1730415703
313,al hamul,31.3115,31.1477,19.59,68,5,2.97,EG,1730415704
314,cambria,35.5641,-121.0808,20.69,72,10,1.34,US,1730415705
315,fort st. john,56.2499,-120.8529,-3.06,86,75,4.12,CA,1730415707
316,porbandar,21.6422,69.6093,27.59,58,0,4.05,IN,1730415708
317,kuvandyk,51.4781,57.3552,4.99,88,100,9.27,RU,1730415709
318,necochea,-38.5473,-58.7368,24.39,30,98,9.03,AR,1730415710
319,severobaykal'sk,55.65,109.3167,-4.19,78,95,1.94,RU,1730415711
320,boguchany,58.3814,97.4531,-3.74,94,100,3.01,RU,1730415522
321,san matias,-16.3667,-58.4,29.82,49,76,2.25,BO,1730415714
322,lihue,21.9789,-159.3672,27.47,77,24,7.27,US,1730415676
323,teknaf,20.8624,92.3058,24.77,87,32,2.24,BD,1730415716
324,perdoes,-21.0908,-45.0914,19.67,71,88,3.92,BR,1730415717
325,kudahuvadhoo,2.6708,72.8944,27.29,75,33,2.71,MV,1730415718
326,vilhena,-12.7406,-60.1458,26.12,83,0,2.06,BR,1730415719
327,tshabong,-26.05,22.45,20.94,16,0,3.21,BW,1730415721
328,la sarre,48.8002,-79.1996,2.52,89,100,4.69,CA,1730415722
329,sibu,2.3,111.8167,25.17,94,40,0.0,MY,1730415723
330,kourou,5.1552,-52.6478,26.76,79,49,3.01,GF,1730415724
331,novyy urgal,51.0736,132.5642,-1.57,54,100,1.55,RU,1730415725
332,taltal,-25.4,-70.4833,16.76,77,75,0.62,CL,1730415727
333,alpena,45.0617,-83.4327,18.18,84,75,3.6,US,1730415728
334,lubao,14.9167,120.55,25.84,90,100,0.58,PH,1730415729
335,corinto,37.9407,22.9573,16.05,61,0,1.84,GR,1730415730
336,ust-tsilma,65.441,52.1498,1.27,91,100,5.33,RU,1730415731
337,mukalla,14.5425,49.1242,25.08,65,13,2.18,YE,1730415732
338,hilo,19.7297,-155.09,26.85,79,75,7.2,US,1730415734
339,orcopampa,-15.2661,-72.3417,10.5,33,21,5.27,PE,1730415736
340,cadale,2.7603,46.3222,26.07,87,27,3.96,SO,1730415737
341,senanga,-16.1167,23.2667,24.57,56,77,4.06,ZM,1730415738
342,alice springs,-23.7,133.8833,28.75,14,77,3.09,AU,1730415608
343,lhasa,29.65,91.1,4.16,25,0,2.46,CN,1730415742
344,woodlake,37.4211,-77.6793,22.75,71,0,2.06,US,1730415743
345,port augusta,-32.5,137.7667,18.86,54,3,4.62,AU,1730415744
346,florida,28.7505,-82.5001,26.62,65,40,2.57,US,1730415746
347,eirunepe,-6.6603,-69.8736,29.95,53,86,0.28,BR,1730415747
348,rongelap,11.1635,166.8941,28.38,77,68,4.97,MH,1730415748
349,leeton,-34.5667,146.4,18.38,37,55,3.83,AU,1730415749
350,ubari,26.5921,12.7805,20.51,39,18,2.63,LY,1730415750
351,genhe,50.7833,121.5167,-2.4,94,99,1.26,CN,1730415751
352,san rafael del yuma,18.4299,-68.6739,23.11,90,88,4.59,DO,1730415753
353,beaufort west,-32.3567,22.583,19.97,32,97,3.87,ZA,1730415754
354,port saint john's,-31.6229,29.5448,16.75,86,22,3.58,ZA,1730415755
355,tonganoxie,39.1097,-95.0878,14.05,55,0,2.06,US,1730415756
356,hammerfest,70.6634,23.6821,1.25,69,40,4.12,NO,1730415757
357,carnarvon,-24.8667,113.6333,22.85,76,6,6.05,AU,1730415759
358,al jawf,29.5,38.75,19.44,44,6,4.32,SA,1730415760
359,al wakrah,24.85,51.3333,24.05,70,2,3.62,QA,1730415761
360,hami,42.8,93.45,6.86,41,37,2.14,CN,1730415762
361,debila,33.5167,6.95,24.04,73,20,7.72,DZ,1730415763
362,trairi,-3.2778,-39.2689,25.14,76,98,4.18,BR,1730415764
363,cockburn town,21.4612,-71.1419,27.31,73,7,11.76,TC,1730415766
364,mazamari,-11.3258,-74.5308,25.86,71,92,1.81,PE,1730415767
365,caister-on-sea,52.6481,1.7265,10.51,93,0,3.63,GB,1730415768
366,shiguai,40.7058,110.2856,6.43,88,2,1.06,CN,1730415769
367,enewetak,11.3474,162.3373,28.73,77,86,7.36,MH,1730415770
368,pacora,9.0833,-79.2833,26.23,94,75,1.54,PA,1730415771
369,anaconda,46.1285,-112.9423,3.8,54,100,3.32,US,1730415773
370,harper,4.375,-7.7169,25.02,89,88,1.59,LR,1730415774
371,xilin hot,43.9667,116.0333,2.36,60,5,2.25,CN,1730415775
372,saint-joseph,-21.3667,55.6167,21.21,80,91,3.75,RE,1730415776
373,hassi messaoud,31.6804,6.0729,21.92,49,0,1.54,DZ,1730415777
374,wenchang,30.904,118.4887,15.61,97,100,3.82,CN,1730415778
375,khandyga,62.6667,135.6,-19.63,97,100,0.44,RU,1730415780
376,kodinar,20.7903,70.7031,26.59,52,0,4.09,IN,1730415781
377,praia da vitoria,38.7333,-27.0667,20.14,94,75,7.47,PT,1730415782
378,princeville,45.7668,-61.2985,14.27,94,89,1.85,CA,1730415783
379,simanggang,1.2472,111.4528,23.99,100,100,0.0,MY,1730415786
380,tralee,52.2704,-9.7026,11.82,86,99,0.9,IE,1730415787
381,port elizabeth,-33.918,25.5701,17.16,94,0,4.63,ZA,1730415788
382,jilin,43.0,126.0,7.71,93,94,1.91,CN,1730415789
383,neiafu,-18.65,-173.9833,29.38,70,40,4.12,TO,1730415790
384,kitee,62.1,30.15,-1.47,92,11,1.56,FI,1730415791
385,campbell river,50.0163,-125.2446,10.25,87,75,6.17,CA,1730415793
386,alaghsas,17.0187,8.0168,25.09,15,89,5.8,NE,1730415794
387,mangai,-4.05,19.5333,20.93,98,98,0.7,CD,1730415795
388,lasem,-6.6922,111.4527,26.88,76,100,1.81,ID,1730415796
389,kuybyshev,55.4475,78.3218,-1.81,83,10,2.74,RU,1730415799
390,tondano,1.3038,124.9112,22.05,71,64,0.69,ID,1730415801
391,marsh harbour,26.5412,-77.0636,25.6,68,6,10.38,BS,1730415616
392,kolokani,13.5728,-8.0339,26.79,28,54,1.91,ML,1730415805
393,kabalo,-6.05,26.9167,21.22,96,99,0.85,CD,1730415806
394,kalmunai,7.4167,81.8167,25.57,86,100,2.76,LK,1730415807
395,bria,6.5423,21.9863,20.95,97,100,1.18,CF,1730415808
396,murmashi,68.8154,32.8115,-5.77,79,0,5.0,RU,1730415809
397,murzuq,25.9155,13.9184,19.6,43,11,3.61,LY,1730415810
398,artemisa,22.814,-82.7561,24.74,75,44,6.39,CU,1730415812
399,yancheng,33.3856,120.1253,15.75,85,100,5.99,CN,1730415813
400,colon,9.3592,-79.9014,26.72,89,100,0.45,PA,1730415814
401,geraldton,-28.7667,114.6,18.23,94,78,1.54,AU,1730415651
402,torghay,49.6339,63.4981,1.58,92,31,5.11,KZ,1730415816
403,stefan voda,46.5153,29.6631,12.0,70,100,2.87,MD,1730415818
404,kushiro,42.975,144.3747,6.53,81,85,1.03,JP,1730415819
405,maues,-3.3836,-57.7186,25.78,80,99,1.36,BR,1730415821
406,pacific grove,36.6177,-121.9166,16.88,82,20,3.58,US,1730415822
407,luganville,-15.5333,167.1667,26.25,84,96,2.98,VU,1730415824
408,margate,51.3813,1.3862,12.05,90,2,3.08,GB,1730415825
409,las tablas,7.7667,-80.2833,24.54,99,100,0.42,PA,1730415826
410,rabo de peixe,37.8,-25.5833,19.73,99,75,6.17,PT,1730415827
411,funafuti,-8.5243,179.1942,30.0,74,75,4.12,TV,1730415603
412,guerrero negro,27.9769,-114.0611,21.15,47,83,6.35,MX,1730415691
413,acarau,-2.8856,-40.12,25.65,77,81,7.07,BR,1730415831
414,hasaki,35.7333,140.8333,21.76,59,75,5.64,JP,1730415832
415,pathein,16.7833,94.7333,24.65,91,42,2.56,MM,1730415833
416,yuzhno-kurilsk,44.0306,145.8556,11.22,70,46,1.98,RU,1730415834
417,arrifes,37.7667,-25.7,19.14,83,75,6.17,PT,1730415835
418,abalak,58.1286,68.5944,-0.02,84,26,4.57,RU,1730415836
419,urangan,-25.3,152.9,24.13,75,17,9.17,AU,1730415838
420,marco island,25.9363,-81.7157,27.0,72,20,7.56,US,1730415839
421,bodo,67.28,14.405,2.02,64,75,5.14,NO,1730415840
422,masterton,-40.9597,175.6575,18.28,55,42,5.75,NZ,1730415841
423,mar del plata,-38.0023,-57.5575,19.01,92,75,7.2,AR,1730415842
424,green river,41.5286,-109.4662,3.32,69,100,2.68,US,1730415843
425,tippi,7.2,35.45,19.61,74,95,1.2,ET,1730415845
426,barcelos,41.5388,-8.6151,14.8,86,84,2.21,PT,1730415846
427,palikir - national government center,6.9248,158.1611,28.58,76,100,5.36,FM,1730415847
428,sal rei,16.1833,-22.9167,25.95,74,100,5.27,CV,1730415848
429,sotuta,20.6,-89.0167,24.99,92,74,2.13,MX,1730415849
430,kargasok,59.0556,80.8572,-1.65,86,100,2.19,RU,1730415851
431,ramshir,30.8946,49.4092,23.04,33,63,3.15,IR,1730415852
432,novyy urengoy,66.0833,76.6333,-5.44,94,99,6.74,RU,1730415854
433,la tuque,47.4334,-72.7824,8.14,93,100,6.69,CA,1730415855
434,miechow,50.3565,20.0279,8.51,79,100,4.6,PL,1730415856
435,radom,51.4025,21.1471,10.63,76,75,6.17,PL,1730415858
436,magadan,59.5667,150.8,-9.54,69,100,4.53,RU,1730415859
437,kayangel,8.0823,134.7173,28.72,75,95,5.5,PW,1730415860
438,at taj,24.2049,23.2857,16.98,54,0,4.4,LY,1730415861
439,alo,6.5486,4.2686,26.7,85,88,1.78,NG,1730415862
440,sesheke,-17.4759,24.2968,24.72,56,100,4.28,ZM,1730415863
441,taro,-8.3862,115.28,22.58,89,98,0.55,ID,1730415865
442,katsuura,35.1333,140.3,22.18,64,98,5.19,JP,1730415866
443,tual,-5.6667,132.75,28.7,76,97,3.43,ID,1730415867
444,christchurch,-43.5333,172.6333,19.39,45,100,5.14,NZ,1730415205
445,djidiouia,35.9299,0.8287,20.94,50,0,2.88,DZ,1730415869
446,minas de matahambre,22.5887,-83.9447,25.22,78,87,4.68,CU,1730415870
447,bairnsdale,-37.8333,147.6167,13.36,59,0,1.34,AU,1730415872
448,rio preto da eva,-2.6994,-59.6997,29.07,53,100,0.96,BR,1730415873
449,tocopilla,-22.092,-70.1979,18.3,76,15,2.87,CL,1730415874
450,prince rupert,54.3161,-130.3201,10.05,72,0,2.57,CA,1730415603
451,saint-francois,46.4154,3.9054,10.79,100,100,3.09,FR,1730415876
452,kapuskasing,49.4169,-82.4331,1.05,93,100,4.12,CA,1730415878
453,vernon,50.2581,-119.2691,8.29,75,98,0.51,CA,1730415736
454,beledweyne,4.7358,45.2036,26.35,77,45,7.14,SO,1730415880
455,tres palos,18.1833,-101.6167,26.42,83,89,2.22,MX,1730415881
456,chibougamau,49.9168,-74.3659,0.79,93,100,1.03,CA,1730415882
457,gryazovets,58.88,40.2525,-1.98,86,8,2.61,RU,1730415883
458,colonia,50.9333,6.95,9.98,90,0,2.06,DE,1730415885
459,waingapu,-9.6567,120.2641,26.56,81,100,1.75,ID,1730415886
460,semnan,35.5729,53.3971,11.78,47,1,0.76,IR,1730415887
461,as sulayyil,20.4607,45.5779,24.2,28,16,3.86,SA,1730415888
462,tongchuanshi,35.0806,109.0897,10.07,94,100,0.59,CN,1730415889
463,sidi ifni,29.3797,-10.173,17.3,73,0,2.08,MA,1730415890
464,wuwei,37.9281,102.6414,6.6,52,100,0.99,CN,1730415893
465,wanning,18.8003,110.3967,21.34,80,87,1.88,CN,1730415894
466,san clemente del tuyu,-36.3569,-56.7235,18.25,92,84,8.13,AR,1730415895
467,sincik,38.0368,38.6149,10.06,25,84,1.32,TR,1730415896
468,nagqu,31.5,92.0,-4.32,27,97,0.91,CN,1730415898
469,beau vallon,-20.4189,57.6953,23.13,83,40,5.66,MU,1730415899
470,gaigeturi,33.4644,126.3183,18.03,94,100,9.26,KR,1730415900
471,pembroke,45.8168,-77.1162,19.54,80,100,4.88,CA,1730415901
472,souillac,-20.5167,57.5167,23.21,83,40,5.66,MU,1730415902
473,champerico,14.3,-91.9167,28.77,76,14,3.38,GT,1730415903
474,diawara,15.022,-12.5437,31.63,29,82,3.33,SN,1730415905
475,calipatria,33.1256,-115.5142,26.58,20,0,0.99,US,1730415906
476,fortuna foothills,32.6578,-114.4119,27.03,13,0,2.06,US,1730415834
477,mikhaylovskoye,51.8239,79.7172,2.21,86,96,3.1,RU,1730415908
478,kuqa,41.7278,82.9364,8.49,57,9,0.1,CN,1730415909
479,queenstown,-31.8976,26.8753,11.83,81,52,0.25,ZA,1730415910
480,shache,38.4167,77.2406,8.7,41,2,1.47,CN,1730415912
481,praia,14.9215,-23.5087,25.3,78,40,4.63,CV,1730415913
482,kavalerovo,44.2661,135.0572,9.44,84,93,0.82,RU,1730415914
483,palmer,42.1584,-72.3287,22.51,54,75,3.6,US,1730415915
484,palmeira das missoes,-27.8994,-53.3136,20.74,68,17,3.46,BR,1730415916
485,hotan,37.0997,79.9269,9.88,32,91,3.05,CN,1730415918
486,ludington,43.9553,-86.4526,13.1,70,100,9.26,US,1730415864
487,walvis bay,-22.9575,14.5053,15.53,82,71,1.54,NA,1730415920
488,turaif,31.6725,38.6637,16.14,55,40,5.14,SA,1730415922
489,enshi,30.3,109.4833,13.8,83,19,1.24,CN,1730415924
490,bennington,42.8781,-73.1968,20.64,67,28,2.83,US,1730415925
491,yeppoon,-23.1333,150.7333,26.09,61,14,2.35,AU,1730415926
492,amos,48.5669,-78.1162,2.03,93,100,2.67,CA,1730415927
493,medina,24.4686,39.6142,18.24,94,75,8.23,SA,1730415928
494,lenti,46.624,16.5386,11.45,91,94,0.61,HU,1730415929
495,smithers,54.7804,-127.1743,5.18,81,100,3.09,CA,1730415931
496,bartica,6.4,-58.6167,26.63,76,29,2.3,GY,1730415932
497,susuman,62.7833,148.1667,-24.92,99,98,0.41,RU,1730415933
498,brokopondo,4.75,-55.1667,28.02,72,73,4.72,SR,1730415934
499,miguel ahumada,30.6167,-106.5167,23.51,15,25,3.12,MX,1730415935
500,chimbote,-9.0853,-78.5783,18.13,79,42,4.03,PE,1730415936
501,mpika,-11.8343,31.4529,18.08,85,94,3.34,ZM,1730415938
502,puerto santa,-8.9906,-78.6456,17.9,81,43,4.25,PE,1730415939
503,beas de segura,38.2524,-2.8888,15.58,71,89,0.27,ES,1730415940
504,kismayo,-0.3582,42.5454,25.72,79,27,5.76,SO,1730415941
505,puerto baquerizo moreno,-0.9,-89.6,22.55,78,75,7.2,EC,1730415942
506,flekkefjord,58.2971,6.6607,11.05,92,99,9.03,NO,1730415943
507,olyokminsk,60.3736,120.4264,-16.74,98,94,1.1,RU,1730415945
508,talara,-4.5772,-81.2719,20.42,77,0,7.2,PE,1730415946
509,guatrache,-37.6678,-63.5302,23.21,55,87,4.93,AR,1730415947
510,tiszakecske,46.9326,20.1035,9.01,74,97,2.9,HU,1730415948
511,cedral,23.8,-100.7333,26.07,26,48,4.42,MX,1730415949
512,eraan,9.0629,117.7016,27.25,83,100,4.01,PH,1730415950
513,la grande,45.3246,-118.0877,7.94,57,100,2.61,US,1730415727
514,benghazi,32.1167,20.0667,20.59,63,9,6.02,LY,1730415856
515,fort saskatchewan,53.7168,-113.2187,0.56,86,100,2.57,CA,1730415955
516,encheng,22.1839,112.3026,19.77,61,32,2.12,CN,1730415956
517,mount isa,-20.7333,139.5,26.87,57,26,3.6,AU,1730415958
518,bel ombre,-4.6167,55.4167,24.91,94,75,4.12,SC,1730415959
519,la ronge,55.1001,-105.2842,-0.88,64,75,4.63,CA,1730415960
520,sosnogorsk,63.6023,53.8817,1.65,82,100,3.91,RU,1730415961
521,spanish wells,26.323,-81.7957,26.99,62,0,6.17,US,1730415964
522,quepos,9.4236,-84.1652,25.53,90,100,1.55,CR,1730415965
523,kavaratti,10.5669,72.642,27.42,67,46,1.4,IN,1730415966
524,chopda,21.25,75.3,23.16,50,0,1.1,IN,1730415967
525,petatlan,17.5167,-101.2667,32.89,78,97,1.66,MX,1730415971
526,pointe-noire,-4.7761,11.8635,24.88,84,81,2.43,CG,1730415972
527,alotau,-10.3069,150.4462,29.05,59,90,1.75,PG,1730415973
528,ingeniero jacobacci,-41.3427,-69.5448,22.46,15,19,3.14,AR,1730415974
529,changleng,28.7,115.8167,17.86,81,100,7.0,CN,1730415975
530,teshi old town,5.5836,-0.1072,26.76,81,27,3.21,GH,1730415977
531,korla,41.7597,86.1469,8.21,57,8,1.57,CN,1730415978
532,port sudan,19.6175,37.2164,29.8,73,7,2.04,SD,1730415979
533,voznesenskaya,44.5527,41.0318,10.35,73,95,2.98,RU,1730415980
534,gasa,31.5,34.4667,20.32,66,0,1.06,PS,1730415981
535,sinabang,2.4803,96.3801,26.01,82,100,0.86,ID,1730415982
536,kill devil hills,36.0307,-75.676,22.21,75,0,4.63,US,1730415799
537,pisco,-13.7,-76.2167,19.03,77,0,6.17,PE,1730415985
538,ak'ordat,15.5486,37.8867,30.04,46,98,1.13,ER,1730415986
539,itacarambi,-15.1022,-44.0919,21.77,77,100,0.63,BR,1730415987
540,thames,-37.1333,175.5333,20.12,47,18,3.37,NZ,1730415743
541,bafia,4.75,11.2333,21.11,97,100,0.17,CM,1730415989
542,villanueva,15.3167,-88.0,25.55,94,75,4.12,HN,1730415991
543,labytnangi,66.6572,66.4183,-0.55,93,100,6.56,RU,1730415992
544,washim,20.1,77.15,21.62,58,0,1.13,IN,1730415993
545,yangchun,22.1667,111.7833,18.81,62,61,2.68,CN,1730415994
546,callao,-12.0667,-77.15,22.62,72,0,4.63,PE,1730415995
547,bozoum,6.3193,16.3799,19.67,73,97,0.94,CF,1730415996
548,okhotsk,59.3833,143.3,-10.27,63,61,9.11,RU,1730415998
549,bandon,51.7469,-8.7425,12.77,93,4,1.17,IE,1730415999
550,broken hill,-31.95,141.4333,18.45,40,58,5.94,AU,1730416000
551,whitecourt,54.1502,-115.6855,-0.42,93,100,2.06,CA,1730416001
552,santiago,-33.4569,-70.6483,21.91,50,0,2.57,CL,1730416002
553,eral,8.6333,78.0167,27.04,79,100,0.84,IN,1730416004
554,port nelson,23.6333,-74.8333,26.87,72,38,13.4,BS,1730416005
555,novobod,39.0108,70.1508,7.6,36,97,2.04,TJ,1730416006
556,mili,6.0815,171.735,28.27,69,16,1.59,MH,1730416007
557,bandarbeyla,9.4942,50.8122,24.8,86,29,3.8,SO,1730416008
